date,nominal,real
1947-02-01,243.164,2930.46
1947-03-01,244.099,2927.869
1947-04-01,245.033,2925.279
1947-05-01,245.968,2922.688
1947-06-01,247.174,2920.692
1947-07-01,248.379,2918.696
1947-08-01,249.585,2916.7
1947-09-01,252.972,2931.925
1947-10-01,256.358,2947.15
1947-11-01,259.745,2962.375
1947-12-01,261.744,2977.247
1948-01-01,263.743,2992.118
1948-02-01,265.742,3006.99
1948-03-01,268.017,3023.552
1948-04-01,270.292,3040.114
1948-05-01,272.567,3056.676
1948-06-01,274.777,3062.53
1948-07-01,276.986,3068.384
1948-08-01,279.196,3074.238
1948-09-01,279.586,3075.398
1948-10-01,279.976,3076.559
1948-11-01,280.366,3077.72
1948-12-01,278.589,3063.597
1949-01-01,276.811,3049.475
1949-02-01,275.034,3035.352
1949-03-01,273.806,3031.915
1949-04-01,272.579,3028.479
1949-05-01,271.351,3025.042
1949-06-01,271.864,3035.468
1949-07-01,272.376,3045.894
1949-08-01,272.889,3056.319
1949-09-01,272.135,3047.784
1949-10-01,271.381,3039.249
1949-11-01,270.627,3030.713
1949-12-01,274.027,3070.433
1950-01-01,277.428,3110.152
1950-02-01,280.828,3149.871
1950-03-01,284.013,3181.905
1950-04-01,287.198,3213.938
1950-05-01,290.383,3245.972
1950-06-01,296.306,3287.791
1950-07-01,302.23,3329.611
1950-08-01,308.153,3371.431
1950-09-01,312.084,3392.951
1950-10-01,316.014,3414.472
1950-11-01,319.945,3435.992
1950-12-01,325.297,3451.545
1951-01-01,330.648,3467.098
1951-02-01,336.0,3482.651
1951-03-01,338.697,3502.759
1951-04-01,341.393,3522.868
1951-05-01,344.09,3542.976
1951-06-01,346.522,3567.304
1951-07-01,348.953,3591.632
1951-08-01,351.385,3615.96
1951-09-01,352.983,3618.6
1951-10-01,354.58,3621.239
1951-11-01,356.178,3623.878
1951-12-01,357.392,3636.766
1952-01-01,358.606,3649.654
1952-02-01,359.82,3662.542
1952-03-01,360.223,3665.158
1952-04-01,360.627,3667.774
1952-05-01,361.03,3670.391
1952-06-01,363.254,3679.215
1952-07-01,365.477,3688.039
1952-08-01,367.701,3696.863
1952-09-01,372.071,3737.33
1952-10-01,376.442,3777.798
1952-11-01,380.812,3818.266
1952-12-01,383.201,3841.927
1953-01-01,385.591,3865.588
1953-02-01,387.98,3889.249
1953-03-01,389.236,3899.271
1953-04-01,390.493,3909.294
1953-05-01,391.749,3919.316
1953-06-01,391.556,3911.967
1953-07-01,391.364,3904.618
1953-08-01,391.171,3897.269
1953-09-01,389.437,3877.605
1953-10-01,387.704,3857.94
1953-11-01,385.97,3838.276
1953-12-01,385.762,3832.166
1954-01-01,385.553,3826.055
1954-02-01,385.345,3819.945
1954-03-01,385.604,3821.338
1954-04-01,385.862,3822.732
1954-05-01,386.121,3824.125
1954-06-01,387.746,3838.525
1954-07-01,389.371,3852.925
1954-08-01,390.996,3867.325
1954-09-01,393.909,3892.553
1954-10-01,396.821,3917.78
1954-11-01,399.734,3943.008
1954-12-01,404.18,3980.553
1955-01-01,408.627,4018.098
1955-02-01,413.073,4055.643
1955-03-01,415.893,4077.646
1955-04-01,418.712,4099.648
1955-05-01,421.532,4121.651
1955-06-01,424.428,4140.21
1955-07-01,427.325,4158.768
1955-08-01,430.221,4177.327
1955-09-01,432.511,4185.691
1955-10-01,434.802,4194.055
1955-11-01,437.092,4202.419
1955-12-01,437.977,4196.983
1956-01-01,438.861,4191.547
1956-02-01,439.746,4186.112
1956-03-01,441.834,4197.645
1956-04-01,443.922,4209.179
1956-05-01,446.01,4220.713
1956-06-01,447.737,4219.451
1956-07-01,449.464,4218.189
1956-08-01,451.191,4216.927
1956-09-01,454.282,4240.063
1956-10-01,457.372,4263.198
1956-11-01,460.463,4286.334
1956-12-01,463.568,4295.482
1957-01-01,466.674,4304.63
1957-02-01,469.779,4313.778
1957-03-01,470.528,4310.627
1957-04-01,471.276,4307.476
1957-05-01,472.025,4304.325
1957-06-01,474.513,4318.384
1957-07-01,477.002,4332.444
1957-08-01,479.49,4346.504
1957-09-01,477.948,4331.515
1957-10-01,476.406,4316.526
1957-11-01,474.864,4301.537
1957-12-01,472.423,4264.316
1958-01-01,469.981,4227.095
1958-02-01,467.54,4189.874
1958-03-01,469.019,4199.048
1958-04-01,470.499,4208.222
1958-05-01,471.978,4217.397
1958-06-01,476.599,4249.914
1958-07-01,481.22,4282.432
1958-08-01,485.841,4314.95
1958-09-01,490.412,4348.581
1958-10-01,494.984,4382.212
1958-11-01,499.555,4415.843
1958-12-01,503.147,4444.081
1959-01-01,506.738,4472.319
1959-02-01,510.33,4500.557
1959-03-01,514.438,4534.363
1959-04-01,518.545,4568.169
1959-05-01,522.653,4601.974
1959-06-01,523.447,4603.044
1959-07-01,524.24,4604.113
1959-08-01,525.034,4605.183
1959-09-01,526.223,4609.558
1959-10-01,527.411,4613.932
1959-11-01,528.6,4618.307
1959-12-01,533.283,4652.923
1960-01-01,537.965,4687.539
1960-02-01,542.648,4722.155
1960-03-01,542.125,4713.681
1960-04-01,541.603,4705.207
1960-05-01,541.08,4696.733
1960-06-01,542.588,4704.404
1960-07-01,544.096,4712.074
1960-08-01,545.604,4719.744
1960-09-01,543.802,4699.557
1960-10-01,541.999,4679.37
1960-11-01,540.197,4659.184
1960-12-01,541.804,4669.667
1961-01-01,543.411,4680.15
1961-02-01,545.018,4690.634
1961-03-01,548.527,4717.181
1961-04-01,552.036,4743.727
1961-05-01,555.545,4770.274
1961-06-01,559.585,4800.81
1961-07-01,563.624,4831.345
1961-08-01,567.664,4861.881
1961-09-01,571.98,4893.672
1961-10-01,576.296,4925.463
1961-11-01,580.612,4957.255
1961-12-01,585.079,4986.728
1962-01-01,589.546,5016.202
1962-02-01,594.013,5045.676
1962-03-01,596.131,5060.893
1962-04-01,598.248,5076.11
1962-05-01,600.366,5091.327
1962-06-01,603.253,5112.194
1962-07-01,606.14,5133.061
1962-08-01,609.027,5153.928
1962-09-01,610.111,5159.587
1962-10-01,611.196,5165.246
1962-11-01,612.28,5170.905
1962-12-01,615.411,5189.729
1963-01-01,618.541,5208.552
1963-02-01,621.672,5227.376
1963-03-01,624.365,5246.933
1963-04-01,627.059,5266.491
1963-05-01,629.752,5286.049
1963-06-01,634.649,5324.792
1963-07-01,639.547,5363.536
1963-08-01,644.444,5402.28
1963-09-01,647.609,5414.091
1963-10-01,650.773,5425.903
1963-11-01,653.938,5437.714
1963-12-01,659.233,5475.936
1964-01-01,664.527,5514.158
1964-02-01,669.822,5552.38
1964-03-01,672.773,5572.536
1964-04-01,675.723,5592.692
1964-05-01,678.674,5612.849
1964-06-01,683.126,5642.084
1964-07-01,687.579,5671.32
1964-08-01,692.031,5700.555
1964-09-01,693.794,5706.43
1964-10-01,695.556,5712.306
1964-11-01,697.319,5718.181
1964-12-01,704.143,5764.306
1965-01-01,710.966,5810.431
1965-02-01,717.79,5856.556
1965-03-01,721.924,5881.221
1965-04-01,726.057,5905.886
1965-05-01,730.191,5930.551
1965-06-01,736.568,5974.5
1965-07-01,742.946,6018.449
1965-08-01,749.323,6062.397
1965-09-01,756.834,6108.954
1965-10-01,764.346,6155.512
1965-11-01,771.857,6202.069
1965-12-01,779.816,6252.385
1966-01-01,787.775,6302.701
1966-02-01,795.734,6353.017
1966-03-01,798.816,6360.248
1966-04-01,801.899,6367.479
1966-05-01,804.981,6374.711
1966-06-01,809.867,6392.705
1966-07-01,814.752,6410.699
1966-08-01,819.638,6428.694
1966-09-01,824.193,6446.274
1966-10-01,828.747,6463.855
1966-11-01,833.302,6481.435
1966-12-01,836.925,6500.572
1967-01-01,840.547,6519.71
1967-02-01,844.17,6538.847
1967-03-01,845.774,6540.184
1967-04-01,847.379,6541.522
1967-05-01,848.983,6542.859
1967-06-01,854.4,6563.492
1967-07-01,859.816,6584.126
1967-08-01,865.233,6604.759
1967-09-01,870.635,6621.356
1967-10-01,876.037,6637.953
1967-11-01,881.439,6654.549
1967-12-01,890.755,6699.784
1968-01-01,900.071,6745.019
1968-02-01,909.387,6790.254
1968-03-01,917.706,6828.061
1968-04-01,926.025,6865.869
1968-05-01,934.344,6903.676
1968-06-01,939.838,6921.5
1968-07-01,945.331,6939.323
1968-08-01,950.825,6957.147
1968-09-01,956.56,6966.255
1968-10-01,962.295,6975.364
1968-11-01,968.03,6984.472
1968-12-01,976.466,7020.895
1969-01-01,984.901,7057.317
1969-02-01,993.337,7093.74
1969-03-01,998.565,7100.913
1969-04-01,1003.792,7108.086
1969-05-01,1009.02,7115.259
1969-06-01,1015.999,7130.911
1969-07-01,1022.977,7146.564
1969-08-01,1029.956,7162.216
1969-09-01,1032.686,7150.561
1969-10-01,1035.417,7138.905
1969-11-01,1038.147,7127.249
1969-12-01,1042.498,7123.712
1970-01-01,1046.849,7120.175
1970-02-01,1051.2,7116.638
1970-03-01,1056.592,7119.999
1970-04-01,1061.983,7123.361
1970-05-01,1067.375,7126.723
1970-06-01,1073.603,7148.613
1970-07-01,1079.831,7170.503
1970-08-01,1086.059,7192.394
1970-09-01,1086.909,7166.703
1970-10-01,1087.758,7141.012
1970-11-01,1088.608,7115.322
1970-12-01,1104.124,7179.743
1971-01-01,1119.64,7244.164
1971-02-01,1135.156,7308.585
1971-03-01,1142.194,7321.76
1971-04-01,1149.233,7334.935
1971-05-01,1156.271,7348.111
1971-06-01,1163.406,7368.255
1971-07-01,1170.54,7388.4
1971-08-01,1177.675,7408.545
1971-09-01,1181.882,7414.345
1971-10-01,1186.09,7420.145
1971-11-01,1190.297,7425.945
1971-12-01,1203.734,7471.422
1972-01-01,1217.172,7516.899
1972-02-01,1230.609,7562.376
1972-03-01,1242.529,7619.58
1972-04-01,1254.449,7676.784
1972-05-01,1266.369,7733.988
1972-06-01,1274.435,7758.326
1972-07-01,1282.5,7782.665
1972-08-01,1290.566,7807.003
1972-09-01,1303.345,7850.578
1972-10-01,1316.125,7894.152
1972-11-01,1328.904,7937.727
1972-12-01,1345.099,8003.211
1973-01-01,1361.295,8068.696
1973-02-01,1377.49,8134.181
1973-03-01,1389.622,8163.701
1973-04-01,1401.755,8193.221
1973-05-01,1413.887,8222.741
1973-06-01,1420.537,8208.328
1973-07-01,1427.188,8193.916
1973-08-01,1433.838,8179.503
1973-09-01,1447.988,8205.384
1973-10-01,1462.139,8231.264
1973-11-01,1476.289,8257.145
1973-12-01,1481.262,8233.483
1974-01-01,1486.236,8209.82
1974-02-01,1491.209,8186.158
1974-03-01,1504.158,8192.644
1974-04-01,1517.107,8199.13
1974-05-01,1530.056,8205.616
1974-06-01,1540.046,8179.761
1974-07-01,1550.036,8153.906
1974-08-01,1560.026,8128.051
1974-09-01,1573.244,8117.527
1974-10-01,1586.461,8107.004
1974-11-01,1599.679,8096.481
1974-12-01,1605.158,8063.619
1975-01-01,1610.637,8030.757
1975-02-01,1616.116,7997.895
1975-03-01,1628.028,8016.949
1975-04-01,1639.941,8036.003
1975-05-01,1651.853,8055.056
1975-06-01,1671.175,8101.025
1975-07-01,1690.498,8146.994
1975-08-01,1709.82,8192.962
1975-09-01,1727.157,8229.751
1975-10-01,1744.494,8266.54
1975-11-01,1761.831,8303.329
1975-12-01,1781.383,8365.589
1976-01-01,1800.935,8427.85
1976-02-01,1820.487,8490.11
1976-03-01,1831.102,8510.865
1976-04-01,1841.717,8531.619
1976-05-01,1852.332,8552.374
1976-06-01,1863.741,8567.98
1976-07-01,1875.149,8583.585
1976-08-01,1886.558,8599.191
1976-09-01,1902.463,8619.903
1976-10-01,1918.368,8640.616
1976-11-01,1934.273,8661.329
1976-12-01,1952.398,8695.576
1977-01-01,1970.523,8729.824
1977-02-01,1988.648,8764.072
1977-03-01,2011.068,8820.803
1977-04-01,2033.489,8877.533
1977-05-01,2055.909,8934.264
1977-06-01,2076.764,8987.964
1977-07-01,2097.618,9041.663
1977-08-01,2118.473,9095.363
1977-09-01,2133.739,9095.424
1977-10-01,2149.004,9095.484
1977-11-01,2164.27,9095.544
1977-12-01,2177.1,9105.242
1978-01-01,2189.93,9114.939
1978-02-01,2202.76,9124.636
1978-03-01,2245.718,9242.185
1978-04-01,2288.675,9359.733
1978-05-01,2331.633,9477.282
1978-06-01,2352.773,9509.055
1978-07-01,2373.913,9540.827
1978-08-01,2395.053,9572.6
1978-09-01,2422.352,9615.489
1978-10-01,2449.65,9658.378
1978-11-01,2476.949,9701.268
1978-12-01,2493.503,9707.075
1979-01-01,2510.056,9712.883
1979-02-01,2526.61,9718.691
1979-03-01,2548.156,9722.149
1979-04-01,2569.701,9725.607
1979-05-01,2591.247,9729.065
1979-06-01,2616.686,9753.154
1979-07-01,2642.126,9777.243
1979-08-01,2667.565,9801.333
1979-09-01,2686.338,9809.502
1979-10-01,2705.11,9817.671
1979-11-01,2723.883,9825.841
1979-12-01,2745.869,9836.144
1980-01-01,2767.856,9846.447
1980-02-01,2789.842,9856.75
1980-03-01,2792.345,9789.052
1980-04-01,2794.849,9721.355
1980-05-01,2797.352,9653.658
1980-06-01,2817.062,9649.833
1980-07-01,2836.773,9646.009
1980-08-01,2856.483,9642.184
1980-09-01,2899.508,9702.124
1980-10-01,2942.532,9762.064
1980-11-01,2985.557,9822.003
1980-12-01,3031.773,9886.155
1981-01-01,3077.99,9950.306
1981-02-01,3124.206,10014.458
1981-03-01,3136.981,9989.72
1981-04-01,3149.757,9964.981
1981-05-01,3162.532,9940.243
1981-06-01,3195.224,9979.921
1981-07-01,3227.917,10019.6
1981-08-01,3260.609,10059.278
1981-09-01,3267.345,10022.743
1981-10-01,3274.082,9986.207
1981-11-01,3280.818,9949.672
1981-12-01,3278.646,9898.145
1982-01-01,3276.474,9846.617
1982-02-01,3274.302,9795.09
1982-03-01,3293.525,9809.984
1982-04-01,3312.749,9824.878
1982-05-01,3331.972,9839.773
1982-06-01,3343.422,9827.235
1982-07-01,3354.872,9814.697
1982-08-01,3366.322,9802.158
1982-09-01,3378.402,9803.466
1982-10-01,3390.481,9804.773
1982-11-01,3402.561,9806.08
1982-12-01,3426.178,9849.155
1983-01-01,3449.796,9892.229
1983-02-01,3473.413,9935.304
1983-03-01,3508.558,10010.664
1983-04-01,3543.703,10086.024
1983-05-01,3578.848,10161.384
1983-06-01,3615.625,10229.091
1983-07-01,3652.402,10296.798
1983-08-01,3689.179,10364.505
1983-09-01,3724.355,10436.579
1983-10-01,3759.53,10508.653
1983-11-01,3794.706,10580.728
1983-12-01,3832.489,10649.671
1984-01-01,3870.271,10718.615
1984-02-01,3908.054,10787.559
1984-03-01,3941.903,10849.686
1984-04-01,3975.752,10911.814
1984-05-01,4009.601,10973.942
1984-06-01,4034.484,11009.205
1984-07-01,4059.367,11044.469
1984-08-01,4084.25,11079.732
1984-09-01,4105.684,11110.045
1984-10-01,4127.117,11140.358
1984-11-01,4148.551,11170.671
1984-12-01,4175.757,11206.752
1985-01-01,4202.962,11242.832
1985-02-01,4230.168,11278.913
1985-03-01,4251.741,11312.015
1985-04-01,4273.314,11345.118
1985-05-01,4294.887,11378.221
1985-06-01,4325.516,11436.146
1985-07-01,4356.144,11494.071
1985-08-01,4386.773,11551.997
1985-09-01,4405.88,11580.625
1985-10-01,4424.987,11609.252
1985-11-01,4444.094,11637.88
1985-12-01,4465.361,11674.103
1986-01-01,4486.627,11710.326
1986-02-01,4507.894,11746.549
1986-03-01,4520.376,11764.18
1986-04-01,4532.858,11781.811
1986-05-01,4545.34,11799.443
1986-06-01,4566.116,11837.07
1986-07-01,4586.893,11874.697
1986-08-01,4607.669,11912.324
1986-09-01,4624.322,11933.623
1986-10-01,4640.974,11954.922
1986-11-01,4657.627,11976.221
1986-12-01,4679.137,12005.836
1987-01-01,4700.646,12035.451
1987-02-01,4722.156,12065.066
1987-03-01,4750.157,12108.427
1987-04-01,4778.159,12151.788
1987-05-01,4806.16,12195.149
1987-06-01,4832.292,12230.4
1987-07-01,4858.423,12265.651
1987-08-01,4884.555,12300.903
1987-09-01,4925.701,12371.303
1987-10-01,4966.848,12441.703
1987-11-01,5007.994,12512.104
1987-12-01,5029.787,12533.661
1988-01-01,5051.579,12555.219
1988-02-01,5073.372,12576.777
1988-03-01,5112.26,12631.864
1988-04-01,5151.148,12686.952
1988-05-01,5190.036,12742.04
1988-06-01,5220.969,12766.928
1988-07-01,5251.902,12791.816
1988-08-01,5282.835,12816.704
1988-09-01,5321.726,12873.63
1988-10-01,5360.618,12930.555
1988-11-01,5399.509,12987.481
1988-12-01,5436.757,13031.482
1989-01-01,5474.005,13075.484
1989-02-01,5511.253,13119.485
1989-03-01,5544.99,13152.857
1989-04-01,5578.726,13186.228
1989-05-01,5612.463,13219.6
1989-06-01,5640.097,13252.241
1989-07-01,5667.731,13284.881
1989-08-01,5695.365,13317.522
1989-09-01,5712.656,13326.267
1989-10-01,5729.946,13335.011
1989-11-01,5747.237,13343.755
1989-12-01,5789.058,13392.366
1990-01-01,5830.88,13440.976
1990-02-01,5872.701,13489.587
1990-03-01,5901.81,13505.908
1990-04-01,5930.919,13522.229
1990-05-01,5960.028,13538.55
1990-06-01,5978.391,13541.555
1990-07-01,5996.753,13544.559
1990-08-01,6015.116,13547.564
1990-09-01,6011.655,13506.452
1990-10-01,6008.194,13465.339
1990-11-01,6004.733,13424.226
1990-12-01,6014.881,13403.287
1991-01-01,6025.03,13382.348
1991-02-01,6035.178,13361.409
1991-03-01,6065.739,13396.135
1991-04-01,6096.301,13430.861
1991-05-01,6126.862,13465.586
1991-06-01,6153.22,13488.27
1991-07-01,6179.579,13510.953
1991-08-01,6205.937,13533.636
1991-09-01,6225.471,13549.36
1991-10-01,6245.006,13565.083
1991-11-01,6264.54,13580.807
1991-12-01,6297.394,13635.006
1992-01-01,6330.248,13689.204
1992-02-01,6363.102,13743.403
1992-03-01,6398.989,13793.077
1992-04-01,6434.876,13842.75
1992-05-01,6470.763,13892.423
1992-06-01,6502.722,13938.181
1992-07-01,6534.682,13983.938
1992-08-01,6566.641,14029.696
1992-09-01,6604.695,14078.466
1992-10-01,6642.749,14127.236
1992-11-01,6680.803,14176.005
1992-12-01,6697.022,14183.894
1993-01-01,6713.24,14191.783
1993-02-01,6729.459,14199.671
1993-03-01,6755.952,14227.227
1993-04-01,6782.446,14254.782
1993-05-01,6808.939,14282.338
1993-06-01,6833.325,14305.054
1993-07-01,6857.712,14327.77
1993-08-01,6882.098,14350.487
1993-09-01,6925.978,14415.549
1993-10-01,6969.858,14480.612
1993-11-01,7013.738,14545.675
1993-12-01,7047.709,14592.723
1994-01-01,7081.681,14639.772
1994-02-01,7115.652,14686.82
1994-03-01,7159.412,14753.165
1994-04-01,7203.171,14819.509
1994-05-01,7246.931,14885.854
1994-06-01,7274.979,14914.86
1994-07-01,7303.027,14943.867
1994-08-01,7331.075,14972.874
1994-09-01,7372.479,15030.049
1994-10-01,7413.884,15087.224
1994-11-01,7455.288,15144.399
1994-12-01,7477.622,15162.309
1995-01-01,7499.955,15180.218
1995-02-01,7522.289,15198.128
1995-03-01,7541.858,15213.241
1995-04-01,7561.428,15228.355
1995-05-01,7580.997,15243.468
1995-06-01,7615.04,15286.694
1995-07-01,7649.082,15329.921
1995-08-01,7683.125,15373.148
1995-09-01,7712.945,15407.947
1995-10-01,7742.766,15442.745
1995-11-01,7772.586,15477.544
1995-12-01,7804.547,15516.189
1996-01-01,7836.507,15554.834
1996-02-01,7868.468,15593.479
1996-03-01,7923.259,15680.175
1996-04-01,7978.049,15766.872
1996-05-01,8032.84,15853.569
1996-06-01,8065.696,15900.973
1996-07-01,8098.552,15948.377
1996-08-01,8131.408,15995.781
1996-09-01,8174.196,16051.146
1996-10-01,8216.983,16106.511
1996-11-01,8259.771,16161.876
1996-12-01,8294.066,16196.648
1997-01-01,8328.36,16231.42
1997-02-01,8362.655,16266.192
1997-03-01,8414.712,16356.481
1997-04-01,8466.768,16446.77
1997-05-01,8518.825,16537.06
1997-06-01,8566.824,16605.885
1997-07-01,8614.824,16674.711
1997-08-01,8662.823,16743.536
1997-09-01,8697.184,16791.192
1997-10-01,8731.546,16838.847
1997-11-01,8765.907,16886.503
1997-12-01,8799.431,16943.002
1998-01-01,8832.956,16999.502
1998-02-01,8866.48,17056.001
1998-03-01,8900.886,17108.63
1998-04-01,8935.293,17161.258
1998-05-01,8969.699,17213.887
1998-06-01,9020.165,17286.124
1998-07-01,9070.631,17358.362
1998-08-01,9121.097,17430.599
1998-09-01,9178.728,17524.097
1998-10-01,9236.36,17617.594
1998-11-01,9293.991,17711.092
1998-12-01,9333.221,17766.553
1999-01-01,9372.452,17822.015
1999-02-01,9411.682,17877.476
1999-03-01,9449.858,17927.219
1999-04-01,9488.034,17976.963
1999-05-01,9526.21,18026.707
1999-06-01,9579.682,18106.378
1999-07-01,9633.154,18186.049
1999-08-01,9686.626,18265.72
1999-09-01,9757.807,18365.613
1999-10-01,9828.988,18465.506
1999-11-01,9900.169,18565.4
1999-12-01,9934.172,18587.851
2000-01-01,9968.176,18610.302
2000-02-01,10002.179,18632.754
2000-03-01,10084.026,18745.872
2000-04-01,10165.873,18858.991
2000-05-01,10247.72,18972.11
2000-06-01,10271.202,18978.556
2000-07-01,10294.683,18985.002
2000-08-01,10318.165,18991.448
2000-09-01,10357.358,19029.244
2000-10-01,10396.551,19067.039
2000-11-01,10435.744,19104.835
2000-12-01,10447.24,19083.96
2001-01-01,10458.735,19063.084
2001-02-01,10470.231,19042.209
2001-03-01,10513.154,19081.849
2001-04-01,10556.077,19121.489
2001-05-01,10599.0,19161.128
2001-06-01,10598.673,19135.539
2001-07-01,10598.347,19109.95
2001-08-01,10598.02,19084.361
2001-09-01,10618.835,19101.841
2001-10-01,10639.65,19119.321
2001-11-01,10660.465,19136.801
2001-12-01,10701.477,19190.151
2002-01-01,10742.488,19243.502
2002-02-01,10783.5,19296.853
2002-03-01,10818.153,19336.264
2002-04-01,10852.807,19375.675
2002-05-01,10887.46,19415.086
2002-06-01,10919.653,19441.394
2002-07-01,10951.847,19467.702
2002-08-01,10984.04,19494.011
2002-09-01,11009.838,19502.042
2002-10-01,11035.635,19510.074
2002-11-01,11061.433,19518.106
2002-12-01,11098.998,19552.37
2003-01-01,11136.564,19586.633
2003-02-01,11174.129,19620.897
2003-03-01,11220.341,19678.819
2003-04-01,11266.554,19736.741
2003-05-01,11312.766,19794.664
2003-06-01,11397.4,19904.405
2003-07-01,11482.035,20014.147
2003-08-01,11566.669,20123.888
2003-09-01,11635.191,20201.749
2003-10-01,11703.712,20279.61
2003-11-01,11772.234,20357.471
2003-12-01,11822.638,20395.923
2004-01-01,11873.043,20434.375
2004-02-01,11923.447,20472.827
2004-03-01,11986.57,20525.711
2004-04-01,12049.692,20578.596
2004-05-01,12112.815,20631.481
2004-06-01,12176.979,20696.718
2004-07-01,12241.143,20761.954
2004-08-01,12305.307,20827.19
2004-09-01,12379.276,20898.017
2004-10-01,12453.245,20968.844
2004-11-01,12527.214,21039.671
2004-12-01,12607.238,21117.473
2005-01-01,12687.262,21195.275
2005-02-01,12767.286,21273.077
2005-03-01,12819.076,21308.009
2005-04-01,12870.866,21342.942
2005-05-01,12922.656,21377.874
2005-06-01,12995.985,21433.728
2005-07-01,13069.313,21489.582
2005-08-01,13142.642,21545.436
2005-09-01,13203.163,21585.333
2005-10-01,13263.683,21625.229
2005-11-01,13324.204,21665.125
2005-12-01,13415.856,21762.285
2006-01-01,13507.508,21859.444
2006-02-01,13599.16,21956.604
2006-03-01,13650.581,21975.542
2006-04-01,13702.003,21994.48
2006-05-01,13753.424,22013.417
2006-06-01,13792.345,22024.421
2006-07-01,13831.267,22035.424
2006-08-01,13870.188,22046.428
2006-09-01,13926.645,22109.587
2006-10-01,13983.103,22172.746
2006-11-01,14039.56,22235.906
2006-12-01,14098.257,22258.204
2007-01-01,14156.954,22280.501
2007-02-01,14215.651,22302.799
2007-03-01,14277.795,22348.279
2007-04-01,14339.938,22393.759
2007-05-01,14402.082,22439.239
2007-06-01,14456.094,22482.325
2007-07-01,14510.105,22525.41
2007-08-01,14564.117,22568.495
2007-09-01,14614.431,22615.756
2007-10-01,14664.744,22663.017
2007-11-01,14715.058,22710.279
2007-12-01,14712.218,22677.972
2008-01-01,14709.378,22645.666
2008-02-01,14706.538,22613.359
2008-03-01,14759.592,22658.241
2008-04-01,14812.647,22703.124
2008-05-01,14865.701,22748.006
2008-06-01,14876.8,22708.177
2008-07-01,14887.9,22668.348
2008-08-01,14898.999,22628.52
2008-09-01,14802.069,22463.405
2008-10-01,14705.139,22298.29
2008-11-01,14608.209,22133.176
2008-12-01,14549.107,22049.448
2009-01-01,14490.004,21965.72
2009-02-01,14430.902,21881.992
2009-03-01,14414.347,21868.961
2009-04-01,14397.791,21855.93
2009-05-01,14381.236,21842.899
2009-06-01,14403.785,21868.47
2009-07-01,14426.333,21894.04
2009-08-01,14448.882,21919.61
2009-09-01,14516.338,21998.587
2009-10-01,14583.793,22077.565
2009-11-01,14651.249,22156.542
2009-12-01,14689.036,22192.325
2010-01-01,14726.823,22228.108
2010-02-01,14764.61,22263.891
2010-03-01,14836.471,22335.698
2010-04-01,14908.332,22407.506
2010-05-01,14980.193,22479.313
2010-06-01,15033.998,22537.091
2010-07-01,15087.802,22594.87
2010-08-01,15141.607,22652.648
2010-09-01,15197.563,22692.298
2010-10-01,15253.518,22731.949
2010-11-01,15309.474,22771.599
2010-12-01,15323.465,22753.594
2011-01-01,15337.457,22735.589
2011-02-01,15351.448,22717.584
2011-03-01,15420.145,22768.818
2011-04-01,15488.842,22820.053
2011-05-01,15557.539,22871.287
2011-06-01,15587.586,22869.586
2011-07-01,15617.633,22867.885
2011-08-01,15647.68,22866.184
2011-09-01,15712.54,22951.783
2011-10-01,15777.399,23037.383
2011-11-01,15842.259,23122.982
2011-12-01,15917.774,23187.618
2012-01-01,15993.29,23252.254
2012-02-01,16068.805,23316.889
2012-03-01,16114.908,23351.58
2012-04-01,16161.012,23386.27
2012-05-01,16207.115,23420.961
2012-06-01,16244.59,23432.205
2012-07-01,16282.066,23443.449
2012-08-01,16319.541,23454.693
2012-09-01,16353.167,23463.735
2012-10-01,16386.793,23472.776
2012-11-01,16420.419,23481.817
2012-12-01,16496.342,23559.037
2013-01-01,16572.266,23636.258
2013-02-01,16648.189,23713.479
2013-03-01,16675.022,23734.634
2013-04-01,16701.854,23755.79
2013-05-01,16728.687,23776.945
2013-06-01,16803.737,23844.423
2013-07-01,16878.788,23911.902
2013-08-01,16953.838,23979.38
2013-09-01,17033.232,24049.06
2013-10-01,17112.625,24118.739
2013-11-01,17192.019,24188.419
2013-12-01,17193.925,24160.594
2014-01-01,17195.832,24132.77
2014-02-01,17197.738,24104.945
2014-03-01,17304.661,24208.745
2014-04-01,17411.585,24312.544
2014-05-01,17518.508,24416.343
2014-06-01,17613.748,24515.261
2014-07-01,17708.988,24614.179
2014-08-01,17804.228,24713.097
2014-09-01,17840.178,24754.758
2014-10-01,17876.129,24796.419
2014-11-01,17912.079,24838.08
2014-12-01,17962.562,24912.634
2015-01-01,18013.046,24987.188
2015-02-01,18063.529,25061.743
2015-03-01,18135.614,25113.487
2015-04-01,18207.699,25165.232
2015-05-01,18279.784,25216.976
2015-06-01,18320.398,25250.62
2015-07-01,18361.012,25284.263
2015-08-01,18401.626,25317.906
2015-09-01,18412.796,25333.475
2015-10-01,18423.967,25349.044
2015-11-01,18435.137,25364.612
2015-12-01,18465.402,25413.61
2016-01-01,18495.668,25462.608
2016-02-01,18525.933,25511.605
2016-03-01,18587.856,25538.913
2016-04-01,18649.779,25566.221
2016-05-01,18711.702,25593.529
2016-06-01,18772.014,25654.048
2016-07-01,18832.327,25714.568
2016-08-01,18892.639,25775.087
2016-09-01,18958.219,25822.711
2016-10-01,19023.799,25870.335
2016-11-01,19089.379,25917.958
2016-12-01,19152.947,25960.022
2017-01-01,19216.516,26002.086
2017-02-01,19280.084,26044.15
2017-03-01,19332.937,26092.755
2017-04-01,19385.79,26141.36
2017-05-01,19438.643,26189.964
2017-06-01,19523.294,26258.802
2017-07-01,19607.944,26327.64
2017-08-01,19692.595,26396.478
2017-09-01,19807.426,26495.645
2017-10-01,19922.257,26594.812
2017-11-01,20037.088,26693.979
2017-12-01,20134.243,26766.356
2018-01-01,20231.398,26838.733
2018-02-01,20328.553,26911.111
2018-03-01,20412.673,26958.727
2018-04-01,20496.792,27006.344
2018-05-01,20580.912,27053.961
2018-06-01,20653.518,27110.206
2018-07-01,20726.124,27166.451
2018-08-01,20798.73,27222.696
2018-09-01,20838.442,27235.549
2018-10-01,20878.155,27248.403
2018-11-01,20917.867,27261.256
2018-12-01,20982.445,27317.988
2019-01-01,21047.022,27374.72
2019-02-01,21111.6,27431.453
2019-03-01,21207.046,27507.817
2019-04-01,21302.492,27584.181
2019-05-01,21397.938,27660.545
2019-06-01,21504.349,27768.422
2019-07-01,21610.76,27876.298
2019-08-01,21717.171,27984.174
2019-09-01,21789.186,28047.78
2019-10-01,21861.202,28111.386
2019-11-01,21933.217,28174.992
2019-12-01,21872.557,28051.368
2020-01-01,21811.898,27927.743
2020-02-01,21751.238,27804.119
2020-03-01,21153.589,27074.095
2020-04-01,20555.94,26344.072
2020-05-01,19958.291,25614.048
2020-06-01,20540.34,26276.793
2020-07-01,21122.388,26939.537
2020-08-01,21704.437,27602.282
2020-09-01,21832.011,27706.574
2020-10-01,21959.586,27810.866
2020-11-01,22087.16,27915.158
2020-12-01,22292.99,28055.997
2021-01-01,22498.82,28196.837
2021-02-01,22704.65,28337.676
2021-03-01,22955.336,28502.125
2021-04-01,23206.022,28666.574
2021-05-01,23456.708,28831.024
2021-06-01,23637.42,28906.028
2021-07-01,23818.132,28981.032
2021-08-01,23998.844,29056.036
2021-09-01,24273.626,29217.133
2021-10-01,24548.408,29378.231
2021-11-01,24823.19,29539.328
2021-12-01,24968.791,29514.285
2022-01-01,25114.391,29489.242
2022-02-01,25259.992,29464.199
2022-03-01,25463.112,29477.898
2022-04-01,25666.233,29491.597
2022-05-01,25869.353,29505.296
2022-06-01,26024.693,29571.572
2022-07-01,26180.034,29637.848
2022-08-01,26335.374,29704.124
2022-09-01,26481.622,29770.431
2022-10-01,26627.869,29836.738
2022-11-01,26774.117,29903.046
2022-12-01,26929.839,29985.567
2023-01-01,27085.56,30068.088
2023-02-01,27241.282,30150.61
2023-03-01,27338.83,30204.59
2023-04-01,27436.377,30258.57
2023-05-01,27533.925,30312.551
2023-06-01,27710.627,30424.989
2023-07-01,27887.33,30537.427
2023-08-01,28064.032,30649.865
2023-09-01,28197.457,30741.365
2023-10-01,28330.881,30832.864
2023-11-01,28464.306,30924.364
2023-12-01,28573.934,30961.386
2024-01-01,28683.563,30998.408
2024-02-01,28793.191,31035.43
2024-03-01,28939.782,31126.771
2024-04-01,29086.373,31218.112
2024-05-01,29232.964,31309.453
2024-06-01,29344.728,31390.763
2024-07-01,29456.492,31472.074
2024-08-01,29568.256,31553.384
2024-09-01,29688.688,31616.038
2024-10-01,29809.12,31678.692
2024-11-01,29929.552,31741.346
2024-12-01,30010.361,31745.13
2025-01-01,30091.17,31748.913
2025-02-01,30171.979,31752.697
2025-03-01,30324.711,31857.576
2025-04-01,30477.442,31962.455
2025-05-01,30630.174,32067.334
2025-06-01,30813.614,32169.552
2025-07-01,30997.053,32271.77
2025-08-01,31180.493,32373.987
2025-09-01,31274.503,32379.587
2025-10-01,31368.513,32385.187
2025-11-01,31462.523,32390.787
2025-12-01,31610.44,32457.426
2026-01-01,31758.357,32524.066
2026-02-01,31906.274,32590.705
2026-03-01,32125.193,32650.508
2026-04-01,32344.111,32710.311
2026-05-01,32563.03,32770.114
2026-06-01,32713.858,32869.369
2026-07-01,32864.686,32968.624
2026-08-01,33015.514,33067.88
2026-09-01,33167.735,33167.735
